,fecha,autoridad_ambiental,nombre_de_la_estaci_n,latitud,longitud,c_digo_del_departamento,departamento,c_digo_del_municipio,nombre_del_municipio,tipo_de_estaci_n,tiempo_de_exposici_n,variable,unidades,geocoded_column,concentraci_n
0,14/12/2018 00:00,CORPONOR,Cinera,7.888924,-72.505463,54,NORTE DE SANTANDER,54001,CÚCUTA,Fija,24,PM2.5,ugm3,"{'latitude': '7.888924', 'longitude': '-72.505463'}",
1,13/12/2018 00:00,CORPONOR,Cinera,7.888924,-72.505463,54,NORTE DE SANTANDER,54001,CÚCUTA,Fija,24,PM2.5,ugm3,"{'latitude': '7.888924', 'longitude': '-72.505463'}",
2,12/12/2018 00:00,CORPONOR,Cinera,7.888924,-72.505463,54,NORTE DE SANTANDER,54001,CÚCUTA,Fija,24,PM2.5,ugm3,"{'latitude': '7.888924', 'longitude': '-72.505463'}",11
3,11/12/2018 00:00,CORPONOR,Cinera,7.888924,-72.505463,54,NORTE DE SANTANDER,54001,CÚCUTA,Fija,24,PM2.5,ugm3,"{'latitude': '7.888924', 'longitude': '-72.505463'}",
4,10/12/2018 00:00,CORPONOR,Cinera,7.888924,-72.505463,54,NORTE DE SANTANDER,54001,CÚCUTA,Fija,24,PM2.5,ugm3,"{'latitude': '7.888924', 'longitude': '-72.505463'}",
5,09/12/2018 00:00,CORPONOR,Cinera,7.888924,-72.505463,54,NORTE DE SANTANDER,54001,CÚCUTA,Fija,24,PM2.5,ugm3,"{'latitude': '7.888924', 'longitude': '-72.505463'}",
6,08/12/2018 00:00,CORPONOR,Cinera,7.888924,-72.505463,54,NORTE DE SANTANDER,54001,CÚCUTA,Fija,24,PM2.5,ugm3,"{'latitude': '7.888924', 'longitude': '-72.505463'}",
7,07/12/2018 00:00,CORPONOR,Cinera,7.888924,-72.505463,54,NORTE DE SANTANDER,54001,CÚCUTA,Fija,24,PM2.5,ugm3,"{'latitude': '7.888924', 'longitude': '-72.505463'}",
8,06/12/2018 00:00,CORPONOR,Cinera,7.888924,-72.505463,54,NORTE DE SANTANDER,54001,CÚCUTA,Fija,24,PM2.5,ugm3,"{'latitude': '7.888924', 'longitude': '-72.505463'}",
9,05/12/2018 00:00,CORPONOR,Cinera,7.888924,-72.505463,54,NORTE DE SANTANDER,54001,CÚCUTA,Fija,24,PM2.5,ugm3,"{'latitude': '7.888924', 'longitude': '-72.505463'}",
10,04/12/2018 00:00,CORPONOR,Cinera,7.888924,-72.505463,54,NORTE DE SANTANDER,54001,CÚCUTA,Fija,24,PM2.5,ugm3,"{'latitude': '7.888924', 'longitude': '-72.505463'}",
11,03/12/2018 00:00,CORPONOR,Cinera,7.888924,-72.505463,54,NORTE DE SANTANDER,54001,CÚCUTA,Fija,24,PM2.5,ugm3,"{'latitude': '7.888924', 'longitude': '-72.505463'}",
12,02/12/2018 00:00,CORPONOR,Cinera,7.888924,-72.505463,54,NORTE DE SANTANDER,54001,CÚCUTA,Fija,24,PM2.5,ugm3,"{'latitude': '7.888924', 'longitude': '-72.505463'}",22
13,01/12/2018 00:00,CORPONOR,Cinera,7.888924,-72.505463,54,NORTE DE SANTANDER,54001,CÚCUTA,Fija,24,PM2.5,ugm3,"{'latitude': '7.888924', 'longitude': '-72.505463'}",
14,30/11/2018 00:00,CORPONOR,Cinera,7.888924,-72.505463,54,NORTE DE SANTANDER,54001,CÚCUTA,Fija,24,PM2.5,ugm3,"{'latitude': '7.888924', 'longitude': '-72.505463'}",
15,29/11/2018 00:00,CORPONOR,Cinera,7.888924,-72.505463,54,NORTE DE SANTANDER,54001,CÚCUTA,Fija,24,PM2.5,ugm3,"{'latitude': '7.888924', 'longitude': '-72.505463'}",
16,28/11/2018 00:00,CORPONOR,Cinera,7.888924,-72.505463,54,NORTE DE SANTANDER,54001,CÚCUTA,Fija,24,PM2.5,ugm3,"{'latitude': '7.888924', 'longitude': '-72.505463'}",16
17,27/11/2018 00:00,CORPONOR,Cinera,7.888924,-72.505463,54,NORTE DE SANTANDER,54001,CÚCUTA,Fija,24,PM2.5,ugm3,"{'latitude': '7.888924', 'longitude': '-72.505463'}",
18,26/11/2018 00:00,CORPONOR,Cinera,7.888924,-72.505463,54,NORTE DE SANTANDER,54001,CÚCUTA,Fija,24,PM2.5,ugm3,"{'latitude': '7.888924', 'longitude': '-72.505463'}",
19,25/11/2018 00:00,CORPONOR,Cinera,7.888924,-72.505463,54,NORTE DE SANTANDER,54001,CÚCUTA,Fija,24,PM2.5,ugm3,"{'latitude': '7.888924', 'longitude': '-72.505463'}",
20,24/11/2018 00:00,CORPONOR,Cinera,7.888924,-72.505463,54,NORTE DE SANTANDER,54001,CÚCUTA,Fija,24,PM2.5,ugm3,"{'latitude': '7.888924', 'longitude': '-72.505463'}",12
21,23/11/2018 00:00,CORPONOR,Cinera,7.888924,-72.505463,54,NORTE DE SANTANDER,54001,CÚCUTA,Fija,24,PM2.5,ugm3,"{'latitude': '7.888924', 'longitude': '-72.505463'}",
22,22/11/2018 00:00,CORPONOR,Cinera,7.888924,-72.505463,54,NORTE DE SANTANDER,54001,CÚCUTA,Fija,24,PM2.5,ugm3,"{'latitude': '7.888924', 'longitude': '-72.505463'}",19
23,21/11/2018 00:00,CORPONOR,Cinera,7.888924,-72.505463,54,NORTE DE SANTANDER,54001,CÚCUTA,Fija,24,PM2.5,ugm3,"{'latitude': '7.888924', 'longitude': '-72.505463'}",
24,20/11/2018 00:00,CORPONOR,Cinera,7.888924,-72.505463,54,NORTE DE SANTANDER,54001,CÚCUTA,Fija,24,PM2.5,ugm3,"{'latitude': '7.888924', 'longitude': '-72.505463'}",
25,19/11/2018 00:00,CORPONOR,Cinera,7.888924,-72.505463,54,NORTE DE SANTANDER,54001,CÚCUTA,Fija,24,PM2.5,ugm3,"{'latitude': '7.888924', 'longitude': '-72.505463'}",
26,18/11/2018 00:00,CORPONOR,Cinera,7.888924,-72.505463,54,NORTE DE SANTANDER,54001,CÚCUTA,Fija,24,PM2.5,ugm3,"{'latitude': '7.888924', 'longitude': '-72.505463'}",
27,17/11/2018 00:00,CORPONOR,Cinera,7.888924,-72.505463,54,NORTE DE SANTANDER,54001,CÚCUTA,Fija,24,PM2.5,ugm3,"{'latitude': '7.888924', 'longitude': '-72.505463'}",
28,16/11/2018 00:00,CORPONOR,Cinera,7.888924,-72.505463,54,NORTE DE SANTANDER,54001,CÚCUTA,Fija,24,PM2.5,ugm3,"{'latitude': '7.888924', 'longitude': '-72.505463'}",18
29,15/11/2018 00:00,CORPONOR,Cinera,7.888924,-72.505463,54,NORTE DE SANTANDER,54001,CÚCUTA,Fija,24,PM2.5,ugm3,"{'latitude': '7.888924', 'longitude': '-72.505463'}",
30,14/11/2018 00:00,CORPONOR,Cinera,7.888924,-72.505463,54,NORTE DE SANTANDER,54001,CÚCUTA,Fija,24,PM2.5,ugm3,"{'latitude': '7.888924', 'longitude': '-72.505463'}",18
31,13/11/2018 00:00,CORPONOR,Cinera,7.888924,-72.505463,54,NORTE DE SANTANDER,54001,CÚCUTA,Fija,24,PM2.5,ugm3,"{'latitude': '7.888924', 'longitude': '-72.505463'}",
32,12/11/2018 00:00,CORPONOR,Cinera,7.888924,-72.505463,54,NORTE DE SANTANDER,54001,CÚCUTA,Fija,24,PM2.5,ugm3,"{'latitude': '7.888924', 'longitude': '-72.505463'}",
33,11/11/2018 00:00,CORPONOR,Cinera,7.888924,-72.505463,54,NORTE DE SANTANDER,54001,CÚCUTA,Fija,24,PM2.5,ugm3,"{'latitude': '7.888924', 'longitude': '-72.505463'}",
34,10/11/2018 00:00,CORPONOR,Cinera,7.888924,-72.505463,54,NORTE DE SANTANDER,54001,CÚCUTA,Fija,24,PM2.5,ugm3,"{'latitude': '7.888924', 'longitude': '-72.505463'}",
35,09/11/2018 00:00,CORPONOR,Cinera,7.888924,-72.505463,54,NORTE DE SANTANDER,54001,CÚCUTA,Fija,24,PM2.5,ugm3,"{'latitude': '7.888924', 'longitude': '-72.505463'}",
36,08/11/2018 00:00,CORPONOR,Cinera,7.888924,-72.505463,54,NORTE DE SANTANDER,54001,CÚCUTA,Fija,24,PM2.5,ugm3,"{'latitude': '7.888924', 'longitude': '-72.505463'}",
37,07/11/2018 00:00,CORPONOR,Cinera,7.888924,-72.505463,54,NORTE DE SANTANDER,54001,CÚCUTA,Fija,24,PM2.5,ugm3,"{'latitude': '7.888924', 'longitude': '-72.505463'}",15
38,06/11/2018 00:00,CORPONOR,Cinera,7.888924,-72.505463,54,NORTE DE SANTANDER,54001,CÚCUTA,Fija,24,PM2.5,ugm3,"{'latitude': '7.888924', 'longitude': '-72.505463'}",
39,05/11/2018 00:00,CORPONOR,Cinera,7.888924,-72.505463,54,NORTE DE SANTANDER,54001,CÚCUTA,Fija,24,PM2.5,ugm3,"{'latitude': '7.888924', 'longitude': '-72.505463'}",
40,04/11/2018 00:00,CORPONOR,Cinera,7.888924,-72.505463,54,NORTE DE SANTANDER,54001,CÚCUTA,Fija,24,PM2.5,ugm3,"{'latitude': '7.888924', 'longitude': '-72.505463'}",
41,03/11/2018 00:00,CORPONOR,Cinera,7.888924,-72.505463,54,NORTE DE SANTANDER,54001,CÚCUTA,Fija,24,PM2.5,ugm3,"{'latitude': '7.888924', 'longitude': '-72.505463'}",
42,02/11/2018 00:00,CORPONOR,Cinera,7.888924,-72.505463,54,NORTE DE SANTANDER,54001,CÚCUTA,Fija,24,PM2.5,ugm3,"{'latitude': '7.888924', 'longitude': '-72.505463'}",5
43,01/11/2018 00:00,CORPONOR,Cinera,7.888924,-72.505463,54,NORTE DE SANTANDER,54001,CÚCUTA,Fija,24,PM2.5,ugm3,"{'latitude': '7.888924', 'longitude': '-72.505463'}",
44,31/10/2018 00:00,CORPONOR,Cinera,7.888924,-72.505463,54,NORTE DE SANTANDER,54001,CÚCUTA,Fija,24,PM2.5,ugm3,"{'latitude': '7.888924', 'longitude': '-72.505463'}",
45,30/10/2018 00:00,CORPONOR,Cinera,7.888924,-72.505463,54,NORTE DE SANTANDER,54001,CÚCUTA,Fija,24,PM2.5,ugm3,"{'latitude': '7.888924', 'longitude': '-72.505463'}",
46,29/10/2018 00:00,CORPONOR,Cinera,7.888924,-72.505463,54,NORTE DE SANTANDER,54001,CÚCUTA,Fija,24,PM2.5,ugm3,"{'latitude': '7.888924', 'longitude': '-72.505463'}",
47,28/10/2018 00:00,CORPONOR,Cinera,7.888924,-72.505463,54,NORTE DE SANTANDER,54001,CÚCUTA,Fija,24,PM2.5,ugm3,"{'latitude': '7.888924', 'longitude': '-72.505463'}",
48,27/10/2018 00:00,CORPONOR,Cinera,7.888924,-72.505463,54,NORTE DE SANTANDER,54001,CÚCUTA,Fija,24,PM2.5,ugm3,"{'latitude': '7.888924', 'longitude': '-72.505463'}",
49,26/10/2018 00:00,CORPONOR,Cinera,7.888924,-72.505463,54,NORTE DE SANTANDER,54001,CÚCUTA,Fija,24,PM2.5,ugm3,"{'latitude': '7.888924', 'longitude': '-72.505463'}",
50,25/10/2018 00:00,CORPONOR,Cinera,7.888924,-72.505463,54,NORTE DE SANTANDER,54001,CÚCUTA,Fija,24,PM2.5,ugm3,"{'latitude': '7.888924', 'longitude': '-72.505463'}",
51,24/10/2018 00:00,CORPONOR,Cinera,7.888924,-72.505463,54,NORTE DE SANTANDER,54001,CÚCUTA,Fija,24,PM2.5,ugm3,"{'latitude': '7.888924', 'longitude': '-72.505463'}",
52,23/10/2018 00:00,CORPONOR,Cinera,7.888924,-72.505463,54,NORTE DE SANTANDER,54001,CÚCUTA,Fija,24,PM2.5,ugm3,"{'latitude': '7.888924', 'longitude': '-72.505463'}",
53,22/10/2018 00:00,CORPONOR,Cinera,7.888924,-72.505463,54,NORTE DE SANTANDER,54001,CÚCUTA,Fija,24,PM2.5,ugm3,"{'latitude': '7.888924', 'longitude': '-72.505463'}",
54,21/10/2018 00:00,CORPONOR,Cinera,7.888924,-72.505463,54,NORTE DE SANTANDER,54001,CÚCUTA,Fija,24,PM2.5,ugm3,"{'latitude': '7.888924', 'longitude': '-72.505463'}",
55,20/10/2018 00:00,CORPONOR,Cinera,7.888924,-72.505463,54,NORTE DE SANTANDER,54001,CÚCUTA,Fija,24,PM2.5,ugm3,"{'latitude': '7.888924', 'longitude': '-72.505463'}",
56,19/10/2018 00:00,CORPONOR,Cinera,7.888924,-72.505463,54,NORTE DE SANTANDER,54001,CÚCUTA,Fija,24,PM2.5,ugm3,"{'latitude': '7.888924', 'longitude': '-72.505463'}",
57,18/10/2018 00:00,CORPONOR,Cinera,7.888924,-72.505463,54,NORTE DE SANTANDER,54001,CÚCUTA,Fija,24,PM2.5,ugm3,"{'latitude': '7.888924', 'longitude': '-72.505463'}",
58,17/10/2018 00:00,CORPONOR,Cinera,7.888924,-72.505463,54,NORTE DE SANTANDER,54001,CÚCUTA,Fija,24,PM2.5,ugm3,"{'latitude': '7.888924', 'longitude': '-72.505463'}",
59,16/10/2018 00:00,CORPONOR,Cinera,7.888924,-72.505463,54,NORTE DE SANTANDER,54001,CÚCUTA,Fija,24,PM2.5,ugm3,"{'latitude': '7.888924', 'longitude': '-72.505463'}",
60,15/10/2018 00:00,CORPONOR,Cinera,7.888924,-72.505463,54,NORTE DE SANTANDER,54001,CÚCUTA,Fija,24,PM2.5,ugm3,"{'latitude': '7.888924', 'longitude': '-72.505463'}",
61,14/10/2018 00:00,CORPONOR,Cinera,7.888924,-72.505463,54,NORTE DE SANTANDER,54001,CÚCUTA,Fija,24,PM2.5,ugm3,"{'latitude': '7.888924', 'longitude': '-72.505463'}",
62,13/10/2018 00:00,CORPONOR,Cinera,7.888924,-72.505463,54,NORTE DE SANTANDER,54001,CÚCUTA,Fija,24,PM2.5,ugm3,"{'latitude': '7.888924', 'longitude': '-72.505463'}",
63,12/10/2018 00:00,CORPONOR,Cinera,7.888924,-72.505463,54,NORTE DE SANTANDER,54001,CÚCUTA,Fija,24,PM2.5,ugm3,"{'latitude': '7.888924', 'longitude': '-72.505463'}",
64,11/10/2018 00:00,CORPONOR,Cinera,7.888924,-72.505463,54,NORTE DE SANTANDER,54001,CÚCUTA,Fija,24,PM2.5,ugm3,"{'latitude': '7.888924', 'longitude': '-72.505463'}",
65,10/10/2018 00:00,CORPONOR,Cinera,7.888924,-72.505463,54,NORTE DE SANTANDER,54001,CÚCUTA,Fija,24,PM2.5,ugm3,"{'latitude': '7.888924', 'longitude': '-72.505463'}",
66,09/10/2018 00:00,CORPONOR,Cinera,7.888924,-72.505463,54,NORTE DE SANTANDER,54001,CÚCUTA,Fija,24,PM2.5,ugm3,"{'latitude': '7.888924', 'longitude': '-72.505463'}",
67,08/10/2018 00:00,CORPONOR,Cinera,7.888924,-72.505463,54,NORTE DE SANTANDER,54001,CÚCUTA,Fija,24,PM2.5,ugm3,"{'latitude': '7.888924', 'longitude': '-72.505463'}",
68,07/10/2018 00:00,CORPONOR,Cinera,7.888924,-72.505463,54,NORTE DE SANTANDER,54001,CÚCUTA,Fija,24,PM2.5,ugm3,"{'latitude': '7.888924', 'longitude': '-72.505463'}",
69,06/10/2018 00:00,CORPONOR,Cinera,7.888924,-72.505463,54,NORTE DE SANTANDER,54001,CÚCUTA,Fija,24,PM2.5,ugm3,"{'latitude': '7.888924', 'longitude': '-72.505463'}",
70,05/10/2018 00:00,CORPONOR,Cinera,7.888924,-72.505463,54,NORTE DE SANTANDER,54001,CÚCUTA,Fija,24,PM2.5,ugm3,"{'latitude': '7.888924', 'longitude': '-72.505463'}",
71,04/10/2018 00:00,CORPONOR,Cinera,7.888924,-72.505463,54,NORTE DE SANTANDER,54001,CÚCUTA,Fija,24,PM2.5,ugm3,"{'latitude': '7.888924', 'longitude': '-72.505463'}",
72,03/10/2018 00:00,CORPONOR,Cinera,7.888924,-72.505463,54,NORTE DE SANTANDER,54001,CÚCUTA,Fija,24,PM2.5,ugm3,"{'latitude': '7.888924', 'longitude': '-72.505463'}",
73,02/10/2018 00:00,CORPONOR,Cinera,7.888924,-72.505463,54,NORTE DE SANTANDER,54001,CÚCUTA,Fija,24,PM2.5,ugm3,"{'latitude': '7.888924', 'longitude': '-72.505463'}",
74,01/10/2018 00:00,CORPONOR,Cinera,7.888924,-72.505463,54,NORTE DE SANTANDER,54001,CÚCUTA,Fija,24,PM2.5,ugm3,"{'latitude': '7.888924', 'longitude': '-72.505463'}",
75,30/09/2018 00:00,CORPONOR,Cinera,7.888924,-72.505463,54,NORTE DE SANTANDER,54001,CÚCUTA,Fija,24,PM2.5,ugm3,"{'latitude': '7.888924', 'longitude': '-72.505463'}",
76,29/09/2018 00:00,CORPONOR,Cinera,7.888924,-72.505463,54,NORTE DE SANTANDER,54001,CÚCUTA,Fija,24,PM2.5,ugm3,"{'latitude': '7.888924', 'longitude': '-72.505463'}",
77,28/09/2018 00:00,CORPONOR,Cinera,7.888924,-72.505463,54,NORTE DE SANTANDER,54001,CÚCUTA,Fija,24,PM2.5,ugm3,"{'latitude': '7.888924', 'longitude': '-72.505463'}",
78,27/09/2018 00:00,CORPONOR,Cinera,7.888924,-72.505463,54,NORTE DE SANTANDER,54001,CÚCUTA,Fija,24,PM2.5,ugm3,"{'latitude': '7.888924', 'longitude': '-72.505463'}",
79,26/09/2018 00:00,CORPONOR,Cinera,7.888924,-72.505463,54,NORTE DE SANTANDER,54001,CÚCUTA,Fija,24,PM2.5,ugm3,"{'latitude': '7.888924', 'longitude': '-72.505463'}",
80,25/09/2018 00:00,CORPONOR,Cinera,7.888924,-72.505463,54,NORTE DE SANTANDER,54001,CÚCUTA,Fija,24,PM2.5,ugm3,"{'latitude': '7.888924', 'longitude': '-72.505463'}",
81,24/09/2018 00:00,CORPONOR,Cinera,7.888924,-72.505463,54,NORTE DE SANTANDER,54001,CÚCUTA,Fija,24,PM2.5,ugm3,"{'latitude': '7.888924', 'longitude': '-72.505463'}",
82,23/09/2018 00:00,CORPONOR,Cinera,7.888924,-72.505463,54,NORTE DE SANTANDER,54001,CÚCUTA,Fija,24,PM2.5,ugm3,"{'latitude': '7.888924', 'longitude': '-72.505463'}",
83,22/09/2018 00:00,CORPONOR,Cinera,7.888924,-72.505463,54,NORTE DE SANTANDER,54001,CÚCUTA,Fija,24,PM2.5,ugm3,"{'latitude': '7.888924', 'longitude': '-72.505463'}",
84,21/09/2018 00:00,CORPONOR,Cinera,7.888924,-72.505463,54,NORTE DE SANTANDER,54001,CÚCUTA,Fija,24,PM2.5,ugm3,"{'latitude': '7.888924', 'longitude': '-72.505463'}",
85,20/09/2018 00:00,CORPONOR,Cinera,7.888924,-72.505463,54,NORTE DE SANTANDER,54001,CÚCUTA,Fija,24,PM2.5,ugm3,"{'latitude': '7.888924', 'longitude': '-72.505463'}",
86,19/09/2018 00:00,CORPONOR,Cinera,7.888924,-72.505463,54,NORTE DE SANTANDER,54001,CÚCUTA,Fija,24,PM2.5,ugm3,"{'latitude': '7.888924', 'longitude': '-72.505463'}",
87,18/09/2018 00:00,CORPONOR,Cinera,7.888924,-72.505463,54,NORTE DE SANTANDER,54001,CÚCUTA,Fija,24,PM2.5,ugm3,"{'latitude': '7.888924', 'longitude': '-72.505463'}",
88,17/09/2018 00:00,CORPONOR,Cinera,7.888924,-72.505463,54,NORTE DE SANTANDER,54001,CÚCUTA,Fija,24,PM2.5,ugm3,"{'latitude': '7.888924', 'longitude': '-72.505463'}",
89,16/09/2018 00:00,CORPONOR,Cinera,7.888924,-72.505463,54,NORTE DE SANTANDER,54001,CÚCUTA,Fija,24,PM2.5,ugm3,"{'latitude': '7.888924', 'longitude': '-72.505463'}",
90,15/09/2018 00:00,CORPONOR,Cinera,7.888924,-72.505463,54,NORTE DE SANTANDER,54001,CÚCUTA,Fija,24,PM2.5,ugm3,"{'latitude': '7.888924', 'longitude': '-72.505463'}",
91,14/09/2018 00:00,CORPONOR,Cinera,7.888924,-72.505463,54,NORTE DE SANTANDER,54001,CÚCUTA,Fija,24,PM2.5,ugm3,"{'latitude': '7.888924', 'longitude': '-72.505463'}",
92,13/09/2018 00:00,CORPONOR,Cinera,7.888924,-72.505463,54,NORTE DE SANTANDER,54001,CÚCUTA,Fija,24,PM2.5,ugm3,"{'latitude': '7.888924', 'longitude': '-72.505463'}",
93,12/09/2018 00:00,CORPONOR,Cinera,7.888924,-72.505463,54,NORTE DE SANTANDER,54001,CÚCUTA,Fija,24,PM2.5,ugm3,"{'latitude': '7.888924', 'longitude': '-72.505463'}",
94,11/09/2018 00:00,CORPONOR,Cinera,7.888924,-72.505463,54,NORTE DE SANTANDER,54001,CÚCUTA,Fija,24,PM2.5,ugm3,"{'latitude': '7.888924', 'longitude': '-72.505463'}",
95,10/09/2018 00:00,CORPONOR,Cinera,7.888924,-72.505463,54,NORTE DE SANTANDER,54001,CÚCUTA,Fija,24,PM2.5,ugm3,"{'latitude': '7.888924', 'longitude': '-72.505463'}",
96,09/09/2018 00:00,CORPONOR,Cinera,7.888924,-72.505463,54,NORTE DE SANTANDER,54001,CÚCUTA,Fija,24,PM2.5,ugm3,"{'latitude': '7.888924', 'longitude': '-72.505463'}",
97,08/09/2018 00:00,CORPONOR,Cinera,7.888924,-72.505463,54,NORTE DE SANTANDER,54001,CÚCUTA,Fija,24,PM2.5,ugm3,"{'latitude': '7.888924', 'longitude': '-72.505463'}",
98,07/09/2018 00:00,CORPONOR,Cinera,7.888924,-72.505463,54,NORTE DE SANTANDER,54001,CÚCUTA,Fija,24,PM2.5,ugm3,"{'latitude': '7.888924', 'longitude': '-72.505463'}",
99,06/09/2018 00:00,CORPONOR,Cinera,7.888924,-72.505463,54,NORTE DE SANTANDER,54001,CÚCUTA,Fija,24,PM2.5,ugm3,"{'latitude': '7.888924', 'longitude': '-72.505463'}",
100,05/09/2018 00:00,CORPONOR,Cinera,7.888924,-72.505463,54,NORTE DE SANTANDER,54001,CÚCUTA,Fija,24,PM2.5,ugm3,"{'latitude': '7.888924', 'longitude': '-72.505463'}",
101,04/09/2018 00:00,CORPONOR,Cinera,7.888924,-72.505463,54,NORTE DE SANTANDER,54001,CÚCUTA,Fija,24,PM2.5,ugm3,"{'latitude': '7.888924', 'longitude': '-72.505463'}",
102,03/09/2018 00:00,CORPONOR,Cinera,7.888924,-72.505463,54,NORTE DE SANTANDER,54001,CÚCUTA,Fija,24,PM2.5,ugm3,"{'latitude': '7.888924', 'longitude': '-72.505463'}",
103,02/09/2018 00:00,CORPONOR,Cinera,7.888924,-72.505463,54,NORTE DE SANTANDER,54001,CÚCUTA,Fija,24,PM2.5,ugm3,"{'latitude': '7.888924', 'longitude': '-72.505463'}",
104,01/09/2018 00:00,CORPONOR,Cinera,7.888924,-72.505463,54,NORTE DE SANTANDER,54001,CÚCUTA,Fija,24,PM2.5,ugm3,"{'latitude': '7.888924', 'longitude': '-72.505463'}",
105,31/08/2018 00:00,CORPONOR,Cinera,7.888924,-72.505463,54,NORTE DE SANTANDER,54001,CÚCUTA,Fija,24,PM2.5,ugm3,"{'latitude': '7.888924', 'longitude': '-72.505463'}",
106,30/08/2018 00:00,CORPONOR,Cinera,7.888924,-72.505463,54,NORTE DE SANTANDER,54001,CÚCUTA,Fija,24,PM2.5,ugm3,"{'latitude': '7.888924', 'longitude': '-72.505463'}",
107,29/08/2018 00:00,CORPONOR,Cinera,7.888924,-72.505463,54,NORTE DE SANTANDER,54001,CÚCUTA,Fija,24,PM2.5,ugm3,"{'latitude': '7.888924', 'longitude': '-72.505463'}",
108,28/08/2018 00:00,CORPONOR,Cinera,7.888924,-72.505463,54,NORTE DE SANTANDER,54001,CÚCUTA,Fija,24,PM2.5,ugm3,"{'latitude': '7.888924', 'longitude': '-72.505463'}",
109,27/08/2018 00:00,CORPONOR,Cinera,7.888924,-72.505463,54,NORTE DE SANTANDER,54001,CÚCUTA,Fija,24,PM2.5,ugm3,"{'latitude': '7.888924', 'longitude': '-72.505463'}",
110,26/08/2018 00:00,CORPONOR,Cinera,7.888924,-72.505463,54,NORTE DE SANTANDER,54001,CÚCUTA,Fija,24,PM2.5,ugm3,"{'latitude': '7.888924', 'longitude': '-72.505463'}",
111,25/08/2018 00:00,CORPONOR,Cinera,7.888924,-72.505463,54,NORTE DE SANTANDER,54001,CÚCUTA,Fija,24,PM2.5,ugm3,"{'latitude': '7.888924', 'longitude': '-72.505463'}",
112,24/08/2018 00:00,CORPONOR,Cinera,7.888924,-72.505463,54,NORTE DE SANTANDER,54001,CÚCUTA,Fija,24,PM2.5,ugm3,"{'latitude': '7.888924', 'longitude': '-72.505463'}",
113,23/08/2018 00:00,CORPONOR,Cinera,7.888924,-72.505463,54,NORTE DE SANTANDER,54001,CÚCUTA,Fija,24,PM2.5,ugm3,"{'latitude': '7.888924', 'longitude': '-72.505463'}",
114,22/08/2018 00:00,CORPONOR,Cinera,7.888924,-72.505463,54,NORTE DE SANTANDER,54001,CÚCUTA,Fija,24,PM2.5,ugm3,"{'latitude': '7.888924', 'longitude': '-72.505463'}",
115,21/08/2018 00:00,CORPONOR,Cinera,7.888924,-72.505463,54,NORTE DE SANTANDER,54001,CÚCUTA,Fija,24,PM2.5,ugm3,"{'latitude': '7.888924', 'longitude': '-72.505463'}",
116,20/08/2018 00:00,CORPONOR,Cinera,7.888924,-72.505463,54,NORTE DE SANTANDER,54001,CÚCUTA,Fija,24,PM2.5,ugm3,"{'latitude': '7.888924', 'longitude': '-72.505463'}",
117,19/08/2018 00:00,CORPONOR,Cinera,7.888924,-72.505463,54,NORTE DE SANTANDER,54001,CÚCUTA,Fija,24,PM2.5,ugm3,"{'latitude': '7.888924', 'longitude': '-72.505463'}",
118,18/08/2018 00:00,CORPONOR,Cinera,7.888924,-72.505463,54,NORTE DE SANTANDER,54001,CÚCUTA,Fija,24,PM2.5,ugm3,"{'latitude': '7.888924', 'longitude': '-72.505463'}",
119,17/08/2018 00:00,CORPONOR,Cinera,7.888924,-72.505463,54,NORTE DE SANTANDER,54001,CÚCUTA,Fija,24,PM2.5,ugm3,"{'latitude': '7.888924', 'longitude': '-72.505463'}",
120,12/08/2018 00:00,CORPONOR,Cinera,7.888924,-72.505463,54,NORTE DE SANTANDER,54001,CÚCUTA,Fija,24,PM2.5,ugm3,"{'latitude': '7.888924', 'longitude': '-72.505463'}",
121,11/08/2018 00:00,CORPONOR,Cinera,7.888924,-72.505463,54,NORTE DE SANTANDER,54001,CÚCUTA,Fija,24,PM2.5,ugm3,"{'latitude': '7.888924', 'longitude': '-72.505463'}",
122,10/08/2018 00:00,CORPONOR,Cinera,7.888924,-72.505463,54,NORTE DE SANTANDER,54001,CÚCUTA,Fija,24,PM2.5,ugm3,"{'latitude': '7.888924', 'longitude': '-72.505463'}",
123,09/08/2018 00:00,CORPONOR,Cinera,7.888924,-72.505463,54,NORTE DE SANTANDER,54001,CÚCUTA,Fija,24,PM2.5,ugm3,"{'latitude': '7.888924', 'longitude': '-72.505463'}",
124,08/08/2018 00:00,CORPONOR,Cinera,7.888924,-72.505463,54,NORTE DE SANTANDER,54001,CÚCUTA,Fija,24,PM2.5,ugm3,"{'latitude': '7.888924', 'longitude': '-72.505463'}",
125,07/08/2018 00:00,CORPONOR,Cinera,7.888924,-72.505463,54,NORTE DE SANTANDER,54001,CÚCUTA,Fija,24,PM2.5,ugm3,"{'latitude': '7.888924', 'longitude': '-72.505463'}",
126,06/08/2018 00:00,CORPONOR,Cinera,7.888924,-72.505463,54,NORTE DE SANTANDER,54001,CÚCUTA,Fija,24,PM2.5,ugm3,"{'latitude': '7.888924', 'longitude': '-72.505463'}",
127,05/08/2018 00:00,CORPONOR,Cinera,7.888924,-72.505463,54,NORTE DE SANTANDER,54001,CÚCUTA,Fija,24,PM2.5,ugm3,"{'latitude': '7.888924', 'longitude': '-72.505463'}",
128,04/08/2018 00:00,CORPONOR,Cinera,7.888924,-72.505463,54,NORTE DE SANTANDER,54001,CÚCUTA,Fija,24,PM2.5,ugm3,"{'latitude': '7.888924', 'longitude': '-72.505463'}",
129,03/08/2018 00:00,CORPONOR,Cinera,7.888924,-72.505463,54,NORTE DE SANTANDER,54001,CÚCUTA,Fija,24,PM2.5,ugm3,"{'latitude': '7.888924', 'longitude': '-72.505463'}",
130,02/08/2018 00:00,CORPONOR,Cinera,7.888924,-72.505463,54,NORTE DE SANTANDER,54001,CÚCUTA,Fija,24,PM2.5,ugm3,"{'latitude': '7.888924', 'longitude': '-72.505463'}",
131,01/08/2018 00:00,CORPONOR,Cinera,7.888924,-72.505463,54,NORTE DE SANTANDER,54001,CÚCUTA,Fija,24,PM2.5,ugm3,"{'latitude': '7.888924', 'longitude': '-72.505463'}",
132,31/07/2018 00:00,CORPONOR,Cinera,7.888924,-72.505463,54,NORTE DE SANTANDER,54001,CÚCUTA,Fija,24,PM2.5,ugm3,"{'latitude': '7.888924', 'longitude': '-72.505463'}",
133,30/07/2018 00:00,CORPONOR,Cinera,7.888924,-72.505463,54,NORTE DE SANTANDER,54001,CÚCUTA,Fija,24,PM2.5,ugm3,"{'latitude': '7.888924', 'longitude': '-72.505463'}",
134,29/07/2018 00:00,CORPONOR,Cinera,7.888924,-72.505463,54,NORTE DE SANTANDER,54001,CÚCUTA,Fija,24,PM2.5,ugm3,"{'latitude': '7.888924', 'longitude': '-72.505463'}",
135,28/07/2018 00:00,CORPONOR,Cinera,7.888924,-72.505463,54,NORTE DE SANTANDER,54001,CÚCUTA,Fija,24,PM2.5,ugm3,"{'latitude': '7.888924', 'longitude': '-72.505463'}",
136,27/07/2018 00:00,CORPONOR,Cinera,7.888924,-72.505463,54,NORTE DE SANTANDER,54001,CÚCUTA,Fija,24,PM2.5,ugm3,"{'latitude': '7.888924', 'longitude': '-72.505463'}",
137,26/07/2018 00:00,CORPONOR,Cinera,7.888924,-72.505463,54,NORTE DE SANTANDER,54001,CÚCUTA,Fija,24,PM2.5,ugm3,"{'latitude': '7.888924', 'longitude': '-72.505463'}",
138,25/07/2018 00:00,CORPONOR,Cinera,7.888924,-72.505463,54,NORTE DE SANTANDER,54001,CÚCUTA,Fija,24,PM2.5,ugm3,"{'latitude': '7.888924', 'longitude': '-72.505463'}",
139,24/07/2018 00:00,CORPONOR,Cinera,7.888924,-72.505463,54,NORTE DE SANTANDER,54001,CÚCUTA,Fija,24,PM2.5,ugm3,"{'latitude': '7.888924', 'longitude': '-72.505463'}",
140,23/07/2018 00:00,CORPONOR,Cinera,7.888924,-72.505463,54,NORTE DE SANTANDER,54001,CÚCUTA,Fija,24,PM2.5,ugm3,"{'latitude': '7.888924', 'longitude': '-72.505463'}",
141,22/07/2018 00:00,CORPONOR,Cinera,7.888924,-72.505463,54,NORTE DE SANTANDER,54001,CÚCUTA,Fija,24,PM2.5,ugm3,"{'latitude': '7.888924', 'longitude': '-72.505463'}",
142,21/07/2018 00:00,CORPONOR,Cinera,7.888924,-72.505463,54,NORTE DE SANTANDER,54001,CÚCUTA,Fija,24,PM2.5,ugm3,"{'latitude': '7.888924', 'longitude': '-72.505463'}",
143,20/07/2018 00:00,CORPONOR,Cinera,7.888924,-72.505463,54,NORTE DE SANTANDER,54001,CÚCUTA,Fija,24,PM2.5,ugm3,"{'latitude': '7.888924', 'longitude': '-72.505463'}",
144,19/07/2018 00:00,CORPONOR,Cinera,7.888924,-72.505463,54,NORTE DE SANTANDER,54001,CÚCUTA,Fija,24,PM2.5,ugm3,"{'latitude': '7.888924', 'longitude': '-72.505463'}",
145,18/07/2018 00:00,CORPONOR,Cinera,7.888924,-72.505463,54,NORTE DE SANTANDER,54001,CÚCUTA,Fija,24,PM2.5,ugm3,"{'latitude': '7.888924', 'longitude': '-72.505463'}",
146,31/12/2018 00:00,CORPONOR,Cinera,7.888924,-72.505463,54,NORTE DE SANTANDER,54001,CÚCUTA,Fija,24,PM2.5,ugm3,"{'latitude': '7.888924', 'longitude': '-72.505463'}",
147,30/12/2018 00:00,CORPONOR,Cinera,7.888924,-72.505463,54,NORTE DE SANTANDER,54001,CÚCUTA,Fija,24,PM2.5,ugm3,"{'latitude': '7.888924', 'longitude': '-72.505463'}",
148,29/12/2018 00:00,CORPONOR,Cinera,7.888924,-72.505463,54,NORTE DE SANTANDER,54001,CÚCUTA,Fija,24,PM2.5,ugm3,"{'latitude': '7.888924', 'longitude': '-72.505463'}",
149,28/12/2018 00:00,CORPONOR,Cinera,7.888924,-72.505463,54,NORTE DE SANTANDER,54001,CÚCUTA,Fija,24,PM2.5,ugm3,"{'latitude': '7.888924', 'longitude': '-72.505463'}",
150,27/12/2018 00:00,CORPONOR,Cinera,7.888924,-72.505463,54,NORTE DE SANTANDER,54001,CÚCUTA,Fija,24,PM2.5,ugm3,"{'latitude': '7.888924', 'longitude': '-72.505463'}",14
151,26/12/2018 00:00,CORPONOR,Cinera,7.888924,-72.505463,54,NORTE DE SANTANDER,54001,CÚCUTA,Fija,24,PM2.5,ugm3,"{'latitude': '7.888924', 'longitude': '-72.505463'}",
152,25/12/2018 00:00,CORPONOR,Cinera,7.888924,-72.505463,54,NORTE DE SANTANDER,54001,CÚCUTA,Fija,24,PM2.5,ugm3,"{'latitude': '7.888924', 'longitude': '-72.505463'}",
153,24/12/2018 00:00,CORPONOR,Cinera,7.888924,-72.505463,54,NORTE DE SANTANDER,54001,CÚCUTA,Fija,24,PM2.5,ugm3,"{'latitude': '7.888924', 'longitude': '-72.505463'}",
154,23/12/2018 00:00,CORPONOR,Cinera,7.888924,-72.505463,54,NORTE DE SANTANDER,54001,CÚCUTA,Fija,24,PM2.5,ugm3,"{'latitude': '7.888924', 'longitude': '-72.505463'}",
155,22/12/2018 00:00,CORPONOR,Cinera,7.888924,-72.505463,54,NORTE DE SANTANDER,54001,CÚCUTA,Fija,24,PM2.5,ugm3,"{'latitude': '7.888924', 'longitude': '-72.505463'}",21
156,21/12/2018 00:00,CORPONOR,Cinera,7.888924,-72.505463,54,NORTE DE SANTANDER,54001,CÚCUTA,Fija,24,PM2.5,ugm3,"{'latitude': '7.888924', 'longitude': '-72.505463'}",21
157,20/12/2018 00:00,CORPONOR,Cinera,7.888924,-72.505463,54,NORTE DE SANTANDER,54001,CÚCUTA,Fija,24,PM2.5,ugm3,"{'latitude': '7.888924', 'longitude': '-72.505463'}",
158,19/12/2018 00:00,CORPONOR,Cinera,7.888924,-72.505463,54,NORTE DE SANTANDER,54001,CÚCUTA,Fija,24,PM2.5,ugm3,"{'latitude': '7.888924', 'longitude': '-72.505463'}",20
159,18/12/2018 00:00,CORPONOR,Cinera,7.888924,-72.505463,54,NORTE DE SANTANDER,54001,CÚCUTA,Fija,24,PM2.5,ugm3,"{'latitude': '7.888924', 'longitude': '-72.505463'}",
160,17/12/2018 00:00,CORPONOR,Cinera,7.888924,-72.505463,54,NORTE DE SANTANDER,54001,CÚCUTA,Fija,24,PM2.5,ugm3,"{'latitude': '7.888924', 'longitude': '-72.505463'}",
161,16/12/2018 00:00,CORPONOR,Cinera,7.888924,-72.505463,54,NORTE DE SANTANDER,54001,CÚCUTA,Fija,24,PM2.5,ugm3,"{'latitude': '7.888924', 'longitude': '-72.505463'}",
162,15/12/2018 00:00,CORPONOR,Cinera,7.888924,-72.505463,54,NORTE DE SANTANDER,54001,CÚCUTA,Fija,24,PM2.5,ugm3,"{'latitude': '7.888924', 'longitude': '-72.505463'}",19
163,17/07/2018 00:00,CORPONOR,Cinera,7.888924,-72.505463,54,NORTE DE SANTANDER,54001,CÚCUTA,Fija,24,PM2.5,ugm3,"{'latitude': '7.888924', 'longitude': '-72.505463'}",
164,16/07/2018 00:00,CORPONOR,Cinera,7.888924,-72.505463,54,NORTE DE SANTANDER,54001,CÚCUTA,Fija,24,PM2.5,ugm3,"{'latitude': '7.888924', 'longitude': '-72.505463'}",
165,15/07/2018 00:00,CORPONOR,Cinera,7.888924,-72.505463,54,NORTE DE SANTANDER,54001,CÚCUTA,Fija,24,PM2.5,ugm3,"{'latitude': '7.888924', 'longitude': '-72.505463'}",
166,14/07/2018 00:00,CORPONOR,Cinera,7.888924,-72.505463,54,NORTE DE SANTANDER,54001,CÚCUTA,Fija,24,PM2.5,ugm3,"{'latitude': '7.888924', 'longitude': '-72.505463'}",
167,13/07/2018 00:00,CORPONOR,Cinera,7.888924,-72.505463,54,NORTE DE SANTANDER,54001,CÚCUTA,Fija,24,PM2.5,ugm3,"{'latitude': '7.888924', 'longitude': '-72.505463'}",
168,12/07/2018 00:00,CORPONOR,Cinera,7.888924,-72.505463,54,NORTE DE SANTANDER,54001,CÚCUTA,Fija,24,PM2.5,ugm3,"{'latitude': '7.888924', 'longitude': '-72.505463'}",
169,11/07/2018 00:00,CORPONOR,Cinera,7.888924,-72.505463,54,NORTE DE SANTANDER,54001,CÚCUTA,Fija,24,PM2.5,ugm3,"{'latitude': '7.888924', 'longitude': '-72.505463'}",
170,10/07/2018 00:00,CORPONOR,Cinera,7.888924,-72.505463,54,NORTE DE SANTANDER,54001,CÚCUTA,Fija,24,PM2.5,ugm3,"{'latitude': '7.888924', 'longitude': '-72.505463'}",
171,09/07/2018 00:00,CORPONOR,Cinera,7.888924,-72.505463,54,NORTE DE SANTANDER,54001,CÚCUTA,Fija,24,PM2.5,ugm3,"{'latitude': '7.888924', 'longitude': '-72.505463'}",
172,08/07/2018 00:00,CORPONOR,Cinera,7.888924,-72.505463,54,NORTE DE SANTANDER,54001,CÚCUTA,Fija,24,PM2.5,ugm3,"{'latitude': '7.888924', 'longitude': '-72.505463'}",
173,07/07/2018 00:00,CORPONOR,Cinera,7.888924,-72.505463,54,NORTE DE SANTANDER,54001,CÚCUTA,Fija,24,PM2.5,ugm3,"{'latitude': '7.888924', 'longitude': '-72.505463'}",
174,06/07/2018 00:00,CORPONOR,Cinera,7.888924,-72.505463,54,NORTE DE SANTANDER,54001,CÚCUTA,Fija,24,PM2.5,ugm3,"{'latitude': '7.888924', 'longitude': '-72.505463'}",
175,05/07/2018 00:00,CORPONOR,Cinera,7.888924,-72.505463,54,NORTE DE SANTANDER,54001,CÚCUTA,Fija,24,PM2.5,ugm3,"{'latitude': '7.888924', 'longitude': '-72.505463'}",
176,04/07/2018 00:00,CORPONOR,Cinera,7.888924,-72.505463,54,NORTE DE SANTANDER,54001,CÚCUTA,Fija,24,PM2.5,ugm3,"{'latitude': '7.888924', 'longitude': '-72.505463'}",
177,03/07/2018 00:00,CORPONOR,Cinera,7.888924,-72.505463,54,NORTE DE SANTANDER,54001,CÚCUTA,Fija,24,PM2.5,ugm3,"{'latitude': '7.888924', 'longitude': '-72.505463'}",
178,02/07/2018 00:00,CORPONOR,Cinera,7.888924,-72.505463,54,NORTE DE SANTANDER,54001,CÚCUTA,Fija,24,PM2.5,ugm3,"{'latitude': '7.888924', 'longitude': '-72.505463'}",
179,01/07/2018 00:00,CORPONOR,Cinera,7.888924,-72.505463,54,NORTE DE SANTANDER,54001,CÚCUTA,Fija,24,PM2.5,ugm3,"{'latitude': '7.888924', 'longitude': '-72.505463'}",
180,30/06/2018 00:00,CORPONOR,Cinera,7.888924,-72.505463,54,NORTE DE SANTANDER,54001,CÚCUTA,Fija,24,PM2.5,ugm3,"{'latitude': '7.888924', 'longitude': '-72.505463'}",
181,29/06/2018 00:00,CORPONOR,Cinera,7.888924,-72.505463,54,NORTE DE SANTANDER,54001,CÚCUTA,Fija,24,PM2.5,ugm3,"{'latitude': '7.888924', 'longitude': '-72.505463'}",
182,28/06/2018 00:00,CORPONOR,Cinera,7.888924,-72.505463,54,NORTE DE SANTANDER,54001,CÚCUTA,Fija,24,PM2.5,ugm3,"{'latitude': '7.888924', 'longitude': '-72.505463'}",
183,27/06/2018 00:00,CORPONOR,Cinera,7.888924,-72.505463,54,NORTE DE SANTANDER,54001,CÚCUTA,Fija,24,PM2.5,ugm3,"{'latitude': '7.888924', 'longitude': '-72.505463'}",
184,26/06/2018 00:00,CORPONOR,Cinera,7.888924,-72.505463,54,NORTE DE SANTANDER,54001,CÚCUTA,Fija,24,PM2.5,ugm3,"{'latitude': '7.888924', 'longitude': '-72.505463'}",
185,25/06/2018 00:00,CORPONOR,Cinera,7.888924,-72.505463,54,NORTE DE SANTANDER,54001,CÚCUTA,Fija,24,PM2.5,ugm3,"{'latitude': '7.888924', 'longitude': '-72.505463'}",
186,24/06/2018 00:00,CORPONOR,Cinera,7.888924,-72.505463,54,NORTE DE SANTANDER,54001,CÚCUTA,Fija,24,PM2.5,ugm3,"{'latitude': '7.888924', 'longitude': '-72.505463'}",
187,23/06/2018 00:00,CORPONOR,Cinera,7.888924,-72.505463,54,NORTE DE SANTANDER,54001,CÚCUTA,Fija,24,PM2.5,ugm3,"{'latitude': '7.888924', 'longitude': '-72.505463'}",
188,22/06/2018 00:00,CORPONOR,Cinera,7.888924,-72.505463,54,NORTE DE SANTANDER,54001,CÚCUTA,Fija,24,PM2.5,ugm3,"{'latitude': '7.888924', 'longitude': '-72.505463'}",
189,21/06/2018 00:00,CORPONOR,Cinera,7.888924,-72.505463,54,NORTE DE SANTANDER,54001,CÚCUTA,Fija,24,PM2.5,ugm3,"{'latitude': '7.888924', 'longitude': '-72.505463'}",
190,20/06/2018 00:00,CORPONOR,Cinera,7.888924,-72.505463,54,NORTE DE SANTANDER,54001,CÚCUTA,Fija,24,PM2.5,ugm3,"{'latitude': '7.888924', 'longitude': '-72.505463'}",
191,19/06/2018 00:00,CORPONOR,Cinera,7.888924,-72.505463,54,NORTE DE SANTANDER,54001,CÚCUTA,Fija,24,PM2.5,ugm3,"{'latitude': '7.888924', 'longitude': '-72.505463'}",
192,18/06/2018 00:00,CORPONOR,Cinera,7.888924,-72.505463,54,NORTE DE SANTANDER,54001,CÚCUTA,Fija,24,PM2.5,ugm3,"{'latitude': '7.888924', 'longitude': '-72.505463'}",
193,17/06/2018 00:00,CORPONOR,Cinera,7.888924,-72.505463,54,NORTE DE SANTANDER,54001,CÚCUTA,Fija,24,PM2.5,ugm3,"{'latitude': '7.888924', 'longitude': '-72.505463'}",
194,16/06/2018 00:00,CORPONOR,Cinera,7.888924,-72.505463,54,NORTE DE SANTANDER,54001,CÚCUTA,Fija,24,PM2.5,ugm3,"{'latitude': '7.888924', 'longitude': '-72.505463'}",
195,15/06/2018 00:00,CORPONOR,Cinera,7.888924,-72.505463,54,NORTE DE SANTANDER,54001,CÚCUTA,Fija,24,PM2.5,ugm3,"{'latitude': '7.888924', 'longitude': '-72.505463'}",
196,14/06/2018 00:00,CORPONOR,Cinera,7.888924,-72.505463,54,NORTE DE SANTANDER,54001,CÚCUTA,Fija,24,PM2.5,ugm3,"{'latitude': '7.888924', 'longitude': '-72.505463'}",
197,13/06/2018 00:00,CORPONOR,Cinera,7.888924,-72.505463,54,NORTE DE SANTANDER,54001,CÚCUTA,Fija,24,PM2.5,ugm3,"{'latitude': '7.888924', 'longitude': '-72.505463'}",
198,12/06/2018 00:00,CORPONOR,Cinera,7.888924,-72.505463,54,NORTE DE SANTANDER,54001,CÚCUTA,Fija,24,PM2.5,ugm3,"{'latitude': '7.888924', 'longitude': '-72.505463'}",
199,11/06/2018 00:00,CORPONOR,Cinera,7.888924,-72.505463,54,NORTE DE SANTANDER,54001,CÚCUTA,Fija,24,PM2.5,ugm3,"{'latitude': '7.888924', 'longitude': '-72.505463'}",
200,10/06/2018 00:00,CORPONOR,Cinera,7.888924,-72.505463,54,NORTE DE SANTANDER,54001,CÚCUTA,Fija,24,PM2.5,ugm3,"{'latitude': '7.888924', 'longitude': '-72.505463'}",
201,09/06/2018 00:00,CORPONOR,Cinera,7.888924,-72.505463,54,NORTE DE SANTANDER,54001,CÚCUTA,Fija,24,PM2.5,ugm3,"{'latitude': '7.888924', 'longitude': '-72.505463'}",
202,08/06/2018 00:00,CORPONOR,Cinera,7.888924,-72.505463,54,NORTE DE SANTANDER,54001,CÚCUTA,Fija,24,PM2.5,ugm3,"{'latitude': '7.888924', 'longitude': '-72.505463'}",
203,07/06/2018 00:00,CORPONOR,Cinera,7.888924,-72.505463,54,NORTE DE SANTANDER,54001,CÚCUTA,Fija,24,PM2.5,ugm3,"{'latitude': '7.888924', 'longitude': '-72.505463'}",
204,06/06/2018 00:00,CORPONOR,Cinera,7.888924,-72.505463,54,NORTE DE SANTANDER,54001,CÚCUTA,Fija,24,PM2.5,ugm3,"{'latitude': '7.888924', 'longitude': '-72.505463'}",
205,05/06/2018 00:00,CORPONOR,Cinera,7.888924,-72.505463,54,NORTE DE SANTANDER,54001,CÚCUTA,Fija,24,PM2.5,ugm3,"{'latitude': '7.888924', 'longitude': '-72.505463'}",
206,04/06/2018 00:00,CORPONOR,Cinera,7.888924,-72.505463,54,NORTE DE SANTANDER,54001,CÚCUTA,Fija,24,PM2.5,ugm3,"{'latitude': '7.888924', 'longitude': '-72.505463'}",
207,03/06/2018 00:00,CORPONOR,Cinera,7.888924,-72.505463,54,NORTE DE SANTANDER,54001,CÚCUTA,Fija,24,PM2.5,ugm3,"{'latitude': '7.888924', 'longitude': '-72.505463'}",
208,02/06/2018 00:00,CORPONOR,Cinera,7.888924,-72.505463,54,NORTE DE SANTANDER,54001,CÚCUTA,Fija,24,PM2.5,ugm3,"{'latitude': '7.888924', 'longitude': '-72.505463'}",
209,01/06/2018 00:00,CORPONOR,Cinera,7.888924,-72.505463,54,NORTE DE SANTANDER,54001,CÚCUTA,Fija,24,PM2.5,ugm3,"{'latitude': '7.888924', 'longitude': '-72.505463'}",
210,31/05/2018 00:00,CORPONOR,Cinera,7.888924,-72.505463,54,NORTE DE SANTANDER,54001,CÚCUTA,Fija,24,PM2.5,ugm3,"{'latitude': '7.888924', 'longitude': '-72.505463'}",
211,30/05/2018 00:00,CORPONOR,Cinera,7.888924,-72.505463,54,NORTE DE SANTANDER,54001,CÚCUTA,Fija,24,PM2.5,ugm3,"{'latitude': '7.888924', 'longitude': '-72.505463'}",
212,29/05/2018 00:00,CORPONOR,Cinera,7.888924,-72.505463,54,NORTE DE SANTANDER,54001,CÚCUTA,Fija,24,PM2.5,ugm3,"{'latitude': '7.888924', 'longitude': '-72.505463'}",
213,28/05/2018 00:00,CORPONOR,Cinera,7.888924,-72.505463,54,NORTE DE SANTANDER,54001,CÚCUTA,Fija,24,PM2.5,ugm3,"{'latitude': '7.888924', 'longitude': '-72.505463'}",
214,27/05/2018 00:00,CORPONOR,Cinera,7.888924,-72.505463,54,NORTE DE SANTANDER,54001,CÚCUTA,Fija,24,PM2.5,ugm3,"{'latitude': '7.888924', 'longitude': '-72.505463'}",
215,26/05/2018 00:00,CORPONOR,Cinera,7.888924,-72.505463,54,NORTE DE SANTANDER,54001,CÚCUTA,Fija,24,PM2.5,ugm3,"{'latitude': '7.888924', 'longitude': '-72.505463'}",
216,25/05/2018 00:00,CORPONOR,Cinera,7.888924,-72.505463,54,NORTE DE SANTANDER,54001,CÚCUTA,Fija,24,PM2.5,ugm3,"{'latitude': '7.888924', 'longitude': '-72.505463'}",
217,24/05/2018 00:00,CORPONOR,Cinera,7.888924,-72.505463,54,NORTE DE SANTANDER,54001,CÚCUTA,Fija,24,PM2.5,ugm3,"{'latitude': '7.888924', 'longitude': '-72.505463'}",
218,23/05/2018 00:00,CORPONOR,Cinera,7.888924,-72.505463,54,NORTE DE SANTANDER,54001,CÚCUTA,Fija,24,PM2.5,ugm3,"{'latitude': '7.888924', 'longitude': '-72.505463'}",
219,22/05/2018 00:00,CORPONOR,Cinera,7.888924,-72.505463,54,NORTE DE SANTANDER,54001,CÚCUTA,Fija,24,PM2.5,ugm3,"{'latitude': '7.888924', 'longitude': '-72.505463'}",
220,21/05/2018 00:00,CORPONOR,Cinera,7.888924,-72.505463,54,NORTE DE SANTANDER,54001,CÚCUTA,Fija,24,PM2.5,ugm3,"{'latitude': '7.888924', 'longitude': '-72.505463'}",
221,20/05/2018 00:00,CORPONOR,Cinera,7.888924,-72.505463,54,NORTE DE SANTANDER,54001,CÚCUTA,Fija,24,PM2.5,ugm3,"{'latitude': '7.888924', 'longitude': '-72.505463'}",
222,19/05/2018 00:00,CORPONOR,Cinera,7.888924,-72.505463,54,NORTE DE SANTANDER,54001,CÚCUTA,Fija,24,PM2.5,ugm3,"{'latitude': '7.888924', 'longitude': '-72.505463'}",
223,18/05/2018 00:00,CORPONOR,Cinera,7.888924,-72.505463,54,NORTE DE SANTANDER,54001,CÚCUTA,Fija,24,PM2.5,ugm3,"{'latitude': '7.888924', 'longitude': '-72.505463'}",
224,17/05/2018 00:00,CORPONOR,Cinera,7.888924,-72.505463,54,NORTE DE SANTANDER,54001,CÚCUTA,Fija,24,PM2.5,ugm3,"{'latitude': '7.888924', 'longitude': '-72.505463'}",
225,16/05/2018 00:00,CORPONOR,Cinera,7.888924,-72.505463,54,NORTE DE SANTANDER,54001,CÚCUTA,Fija,24,PM2.5,ugm3,"{'latitude': '7.888924', 'longitude': '-72.505463'}",
226,15/05/2018 00:00,CORPONOR,Cinera,7.888924,-72.505463,54,NORTE DE SANTANDER,54001,CÚCUTA,Fija,24,PM2.5,ugm3,"{'latitude': '7.888924', 'longitude': '-72.505463'}",
227,14/05/2018 00:00,CORPONOR,Cinera,7.888924,-72.505463,54,NORTE DE SANTANDER,54001,CÚCUTA,Fija,24,PM2.5,ugm3,"{'latitude': '7.888924', 'longitude': '-72.505463'}",
228,13/05/2018 00:00,CORPONOR,Cinera,7.888924,-72.505463,54,NORTE DE SANTANDER,54001,CÚCUTA,Fija,24,PM2.5,ugm3,"{'latitude': '7.888924', 'longitude': '-72.505463'}",
229,12/05/2018 00:00,CORPONOR,Cinera,7.888924,-72.505463,54,NORTE DE SANTANDER,54001,CÚCUTA,Fija,24,PM2.5,ugm3,"{'latitude': '7.888924', 'longitude': '-72.505463'}",
230,11/05/2018 00:00,CORPONOR,Cinera,7.888924,-72.505463,54,NORTE DE SANTANDER,54001,CÚCUTA,Fija,24,PM2.5,ugm3,"{'latitude': '7.888924', 'longitude': '-72.505463'}",
231,10/05/2018 00:00,CORPONOR,Cinera,7.888924,-72.505463,54,NORTE DE SANTANDER,54001,CÚCUTA,Fija,24,PM2.5,ugm3,"{'latitude': '7.888924', 'longitude': '-72.505463'}",
232,09/05/2018 00:00,CORPONOR,Cinera,7.888924,-72.505463,54,NORTE DE SANTANDER,54001,CÚCUTA,Fija,24,PM2.5,ugm3,"{'latitude': '7.888924', 'longitude': '-72.505463'}",
233,08/05/2018 00:00,CORPONOR,Cinera,7.888924,-72.505463,54,NORTE DE SANTANDER,54001,CÚCUTA,Fija,24,PM2.5,ugm3,"{'latitude': '7.888924', 'longitude': '-72.505463'}",
234,07/05/2018 00:00,CORPONOR,Cinera,7.888924,-72.505463,54,NORTE DE SANTANDER,54001,CÚCUTA,Fija,24,PM2.5,ugm3,"{'latitude': '7.888924', 'longitude': '-72.505463'}",
235,06/05/2018 00:00,CORPONOR,Cinera,7.888924,-72.505463,54,NORTE DE SANTANDER,54001,CÚCUTA,Fija,24,PM2.5,ugm3,"{'latitude': '7.888924', 'longitude': '-72.505463'}",
236,05/05/2018 00:00,CORPONOR,Cinera,7.888924,-72.505463,54,NORTE DE SANTANDER,54001,CÚCUTA,Fija,24,PM2.5,ugm3,"{'latitude': '7.888924', 'longitude': '-72.505463'}",
237,04/05/2018 00:00,CORPONOR,Cinera,7.888924,-72.505463,54,NORTE DE SANTANDER,54001,CÚCUTA,Fija,24,PM2.5,ugm3,"{'latitude': '7.888924', 'longitude': '-72.505463'}",
238,03/05/2018 00:00,CORPONOR,Cinera,7.888924,-72.505463,54,NORTE DE SANTANDER,54001,CÚCUTA,Fija,24,PM2.5,ugm3,"{'latitude': '7.888924', 'longitude': '-72.505463'}",
239,02/05/2018 00:00,CORPONOR,Cinera,7.888924,-72.505463,54,NORTE DE SANTANDER,54001,CÚCUTA,Fija,24,PM2.5,ugm3,"{'latitude': '7.888924', 'longitude': '-72.505463'}",
240,01/05/2018 00:00,CORPONOR,Cinera,7.888924,-72.505463,54,NORTE DE SANTANDER,54001,CÚCUTA,Fija,24,PM2.5,ugm3,"{'latitude': '7.888924', 'longitude': '-72.505463'}",
241,30/04/2018 00:00,CORPONOR,Cinera,7.888924,-72.505463,54,NORTE DE SANTANDER,54001,CÚCUTA,Fija,24,PM2.5,ugm3,"{'latitude': '7.888924', 'longitude': '-72.505463'}",
242,29/04/2018 00:00,CORPONOR,Cinera,7.888924,-72.505463,54,NORTE DE SANTANDER,54001,CÚCUTA,Fija,24,PM2.5,ugm3,"{'latitude': '7.888924', 'longitude': '-72.505463'}",
243,28/04/2018 00:00,CORPONOR,Cinera,7.888924,-72.505463,54,NORTE DE SANTANDER,54001,CÚCUTA,Fija,24,PM2.5,ugm3,"{'latitude': '7.888924', 'longitude': '-72.505463'}",
244,27/04/2018 00:00,CORPONOR,Cinera,7.888924,-72.505463,54,NORTE DE SANTANDER,54001,CÚCUTA,Fija,24,PM2.5,ugm3,"{'latitude': '7.888924', 'longitude': '-72.505463'}",
245,26/04/2018 00:00,CORPONOR,Cinera,7.888924,-72.505463,54,NORTE DE SANTANDER,54001,CÚCUTA,Fija,24,PM2.5,ugm3,"{'latitude': '7.888924', 'longitude': '-72.505463'}",
246,25/04/2018 00:00,CORPONOR,Cinera,7.888924,-72.505463,54,NORTE DE SANTANDER,54001,CÚCUTA,Fija,24,PM2.5,ugm3,"{'latitude': '7.888924', 'longitude': '-72.505463'}",
247,24/04/2018 00:00,CORPONOR,Cinera,7.888924,-72.505463,54,NORTE DE SANTANDER,54001,CÚCUTA,Fija,24,PM2.5,ugm3,"{'latitude': '7.888924', 'longitude': '-72.505463'}",
248,23/04/2018 00:00,CORPONOR,Cinera,7.888924,-72.505463,54,NORTE DE SANTANDER,54001,CÚCUTA,Fija,24,PM2.5,ugm3,"{'latitude': '7.888924', 'longitude': '-72.505463'}",
249,22/04/2018 00:00,CORPONOR,Cinera,7.888924,-72.505463,54,NORTE DE SANTANDER,54001,CÚCUTA,Fija,24,PM2.5,ugm3,"{'latitude': '7.888924', 'longitude': '-72.505463'}",
250,21/04/2018 00:00,CORPONOR,Cinera,7.888924,-72.505463,54,NORTE DE SANTANDER,54001,CÚCUTA,Fija,24,PM2.5,ugm3,"{'latitude': '7.888924', 'longitude': '-72.505463'}",
251,20/04/2018 00:00,CORPONOR,Cinera,7.888924,-72.505463,54,NORTE DE SANTANDER,54001,CÚCUTA,Fija,24,PM2.5,ugm3,"{'latitude': '7.888924', 'longitude': '-72.505463'}",
252,19/04/2018 00:00,CORPONOR,Cinera,7.888924,-72.505463,54,NORTE DE SANTANDER,54001,CÚCUTA,Fija,24,PM2.5,ugm3,"{'latitude': '7.888924', 'longitude': '-72.505463'}",
253,18/04/2018 00:00,CORPONOR,Cinera,7.888924,-72.505463,54,NORTE DE SANTANDER,54001,CÚCUTA,Fija,24,PM2.5,ugm3,"{'latitude': '7.888924', 'longitude': '-72.505463'}",
254,17/04/2018 00:00,CORPONOR,Cinera,7.888924,-72.505463,54,NORTE DE SANTANDER,54001,CÚCUTA,Fija,24,PM2.5,ugm3,"{'latitude': '7.888924', 'longitude': '-72.505463'}",
255,16/04/2018 00:00,CORPONOR,Cinera,7.888924,-72.505463,54,NORTE DE SANTANDER,54001,CÚCUTA,Fija,24,PM2.5,ugm3,"{'latitude': '7.888924', 'longitude': '-72.505463'}",
256,15/04/2018 00:00,CORPONOR,Cinera,7.888924,-72.505463,54,NORTE DE SANTANDER,54001,CÚCUTA,Fija,24,PM2.5,ugm3,"{'latitude': '7.888924', 'longitude': '-72.505463'}",
257,16/08/2018 00:00,CORPONOR,Cinera,7.888924,-72.505463,54,NORTE DE SANTANDER,54001,CÚCUTA,Fija,24,PM2.5,ugm3,"{'latitude': '7.888924', 'longitude': '-72.505463'}",
258,15/08/2018 00:00,CORPONOR,Cinera,7.888924,-72.505463,54,NORTE DE SANTANDER,54001,CÚCUTA,Fija,24,PM2.5,ugm3,"{'latitude': '7.888924', 'longitude': '-72.505463'}",
259,14/08/2018 00:00,CORPONOR,Cinera,7.888924,-72.505463,54,NORTE DE SANTANDER,54001,CÚCUTA,Fija,24,PM2.5,ugm3,"{'latitude': '7.888924', 'longitude': '-72.505463'}",
260,13/08/2018 00:00,CORPONOR,Cinera,7.888924,-72.505463,54,NORTE DE SANTANDER,54001,CÚCUTA,Fija,24,PM2.5,ugm3,"{'latitude': '7.888924', 'longitude': '-72.505463'}",
261,14/04/2018 00:00,CORPONOR,Cinera,7.888924,-72.505463,54,NORTE DE SANTANDER,54001,CÚCUTA,Fija,24,PM2.5,ugm3,"{'latitude': '7.888924', 'longitude': '-72.505463'}",
262,13/04/2018 00:00,CORPONOR,Cinera,7.888924,-72.505463,54,NORTE DE SANTANDER,54001,CÚCUTA,Fija,24,PM2.5,ugm3,"{'latitude': '7.888924', 'longitude': '-72.505463'}",
263,12/04/2018 00:00,CORPONOR,Cinera,7.888924,-72.505463,54,NORTE DE SANTANDER,54001,CÚCUTA,Fija,24,PM2.5,ugm3,"{'latitude': '7.888924', 'longitude': '-72.505463'}",
264,11/04/2018 00:00,CORPONOR,Cinera,7.888924,-72.505463,54,NORTE DE SANTANDER,54001,CÚCUTA,Fija,24,PM2.5,ugm3,"{'latitude': '7.888924', 'longitude': '-72.505463'}",
265,18/03/2018 00:00,CORPONOR,Cinera,7.888924,-72.505463,54,NORTE DE SANTANDER,54001,CÚCUTA,Fija,24,PM2.5,ugm3,"{'latitude': '7.888924', 'longitude': '-72.505463'}",
266,17/03/2018 00:00,CORPONOR,Cinera,7.888924,-72.505463,54,NORTE DE SANTANDER,54001,CÚCUTA,Fija,24,PM2.5,ugm3,"{'latitude': '7.888924', 'longitude': '-72.505463'}",
267,16/03/2018 00:00,CORPONOR,Cinera,7.888924,-72.505463,54,NORTE DE SANTANDER,54001,CÚCUTA,Fija,24,PM2.5,ugm3,"{'latitude': '7.888924', 'longitude': '-72.505463'}",
268,15/03/2018 00:00,CORPONOR,Cinera,7.888924,-72.505463,54,NORTE DE SANTANDER,54001,CÚCUTA,Fija,24,PM2.5,ugm3,"{'latitude': '7.888924', 'longitude': '-72.505463'}",
269,14/03/2018 00:00,CORPONOR,Cinera,7.888924,-72.505463,54,NORTE DE SANTANDER,54001,CÚCUTA,Fija,24,PM2.5,ugm3,"{'latitude': '7.888924', 'longitude': '-72.505463'}",
270,13/03/2018 00:00,CORPONOR,Cinera,7.888924,-72.505463,54,NORTE DE SANTANDER,54001,CÚCUTA,Fija,24,PM2.5,ugm3,"{'latitude': '7.888924', 'longitude': '-72.505463'}",
271,12/03/2018 00:00,CORPONOR,Cinera,7.888924,-72.505463,54,NORTE DE SANTANDER,54001,CÚCUTA,Fija,24,PM2.5,ugm3,"{'latitude': '7.888924', 'longitude': '-72.505463'}",
272,11/03/2018 00:00,CORPONOR,Cinera,7.888924,-72.505463,54,NORTE DE SANTANDER,54001,CÚCUTA,Fija,24,PM2.5,ugm3,"{'latitude': '7.888924', 'longitude': '-72.505463'}",
273,10/03/2018 00:00,CORPONOR,Cinera,7.888924,-72.505463,54,NORTE DE SANTANDER,54001,CÚCUTA,Fija,24,PM2.5,ugm3,"{'latitude': '7.888924', 'longitude': '-72.505463'}",
274,09/03/2018 00:00,CORPONOR,Cinera,7.888924,-72.505463,54,NORTE DE SANTANDER,54001,CÚCUTA,Fija,24,PM2.5,ugm3,"{'latitude': '7.888924', 'longitude': '-72.505463'}",
275,08/03/2018 00:00,CORPONOR,Cinera,7.888924,-72.505463,54,NORTE DE SANTANDER,54001,CÚCUTA,Fija,24,PM2.5,ugm3,"{'latitude': '7.888924', 'longitude': '-72.505463'}",
276,07/03/2018 00:00,CORPONOR,Cinera,7.888924,-72.505463,54,NORTE DE SANTANDER,54001,CÚCUTA,Fija,24,PM2.5,ugm3,"{'latitude': '7.888924', 'longitude': '-72.505463'}",
277,06/03/2018 00:00,CORPONOR,Cinera,7.888924,-72.505463,54,NORTE DE SANTANDER,54001,CÚCUTA,Fija,24,PM2.5,ugm3,"{'latitude': '7.888924', 'longitude': '-72.505463'}",
278,05/03/2018 00:00,CORPONOR,Cinera,7.888924,-72.505463,54,NORTE DE SANTANDER,54001,CÚCUTA,Fija,24,PM2.5,ugm3,"{'latitude': '7.888924', 'longitude': '-72.505463'}",
279,04/03/2018 00:00,CORPONOR,Cinera,7.888924,-72.505463,54,NORTE DE SANTANDER,54001,CÚCUTA,Fija,24,PM2.5,ugm3,"{'latitude': '7.888924', 'longitude': '-72.505463'}",
280,03/03/2018 00:00,CORPONOR,Cinera,7.888924,-72.505463,54,NORTE DE SANTANDER,54001,CÚCUTA,Fija,24,PM2.5,ugm3,"{'latitude': '7.888924', 'longitude': '-72.505463'}",
281,02/03/2018 00:00,CORPONOR,Cinera,7.888924,-72.505463,54,NORTE DE SANTANDER,54001,CÚCUTA,Fija,24,PM2.5,ugm3,"{'latitude': '7.888924', 'longitude': '-72.505463'}",
282,01/03/2018 00:00,CORPONOR,Cinera,7.888924,-72.505463,54,NORTE DE SANTANDER,54001,CÚCUTA,Fija,24,PM2.5,ugm3,"{'latitude': '7.888924', 'longitude': '-72.505463'}",
283,28/02/2018 00:00,CORPONOR,Cinera,7.888924,-72.505463,54,NORTE DE SANTANDER,54001,CÚCUTA,Fija,24,PM2.5,ugm3,"{'latitude': '7.888924', 'longitude': '-72.505463'}",
284,27/02/2018 00:00,CORPONOR,Cinera,7.888924,-72.505463,54,NORTE DE SANTANDER,54001,CÚCUTA,Fija,24,PM2.5,ugm3,"{'latitude': '7.888924', 'longitude': '-72.505463'}",
285,26/02/2018 00:00,CORPONOR,Cinera,7.888924,-72.505463,54,NORTE DE SANTANDER,54001,CÚCUTA,Fija,24,PM2.5,ugm3,"{'latitude': '7.888924', 'longitude': '-72.505463'}",
286,25/02/2018 00:00,CORPONOR,Cinera,7.888924,-72.505463,54,NORTE DE SANTANDER,54001,CÚCUTA,Fija,24,PM2.5,ugm3,"{'latitude': '7.888924', 'longitude': '-72.505463'}",
287,24/02/2018 00:00,CORPONOR,Cinera,7.888924,-72.505463,54,NORTE DE SANTANDER,54001,CÚCUTA,Fija,24,PM2.5,ugm3,"{'latitude': '7.888924', 'longitude': '-72.505463'}",
288,23/02/2018 00:00,CORPONOR,Cinera,7.888924,-72.505463,54,NORTE DE SANTANDER,54001,CÚCUTA,Fija,24,PM2.5,ugm3,"{'latitude': '7.888924', 'longitude': '-72.505463'}",
289,22/02/2018 00:00,CORPONOR,Cinera,7.888924,-72.505463,54,NORTE DE SANTANDER,54001,CÚCUTA,Fija,24,PM2.5,ugm3,"{'latitude': '7.888924', 'longitude': '-72.505463'}",
290,21/02/2018 00:00,CORPONOR,Cinera,7.888924,-72.505463,54,NORTE DE SANTANDER,54001,CÚCUTA,Fija,24,PM2.5,ugm3,"{'latitude': '7.888924', 'longitude': '-72.505463'}",
291,20/02/2018 00:00,CORPONOR,Cinera,7.888924,-72.505463,54,NORTE DE SANTANDER,54001,CÚCUTA,Fija,24,PM2.5,ugm3,"{'latitude': '7.888924', 'longitude': '-72.505463'}",
292,19/02/2018 00:00,CORPONOR,Cinera,7.888924,-72.505463,54,NORTE DE SANTANDER,54001,CÚCUTA,Fija,24,PM2.5,ugm3,"{'latitude': '7.888924', 'longitude': '-72.505463'}",
293,18/02/2018 00:00,CORPONOR,Cinera,7.888924,-72.505463,54,NORTE DE SANTANDER,54001,CÚCUTA,Fija,24,PM2.5,ugm3,"{'latitude': '7.888924', 'longitude': '-72.505463'}",
294,17/02/2018 00:00,CORPONOR,Cinera,7.888924,-72.505463,54,NORTE DE SANTANDER,54001,CÚCUTA,Fija,24,PM2.5,ugm3,"{'latitude': '7.888924', 'longitude': '-72.505463'}",
295,16/02/2018 00:00,CORPONOR,Cinera,7.888924,-72.505463,54,NORTE DE SANTANDER,54001,CÚCUTA,Fija,24,PM2.5,ugm3,"{'latitude': '7.888924', 'longitude': '-72.505463'}",
296,15/02/2018 00:00,CORPONOR,Cinera,7.888924,-72.505463,54,NORTE DE SANTANDER,54001,CÚCUTA,Fija,24,PM2.5,ugm3,"{'latitude': '7.888924', 'longitude': '-72.505463'}",
297,14/02/2018 00:00,CORPONOR,Cinera,7.888924,-72.505463,54,NORTE DE SANTANDER,54001,CÚCUTA,Fija,24,PM2.5,ugm3,"{'latitude': '7.888924', 'longitude': '-72.505463'}",
298,13/02/2018 00:00,CORPONOR,Cinera,7.888924,-72.505463,54,NORTE DE SANTANDER,54001,CÚCUTA,Fija,24,PM2.5,ugm3,"{'latitude': '7.888924', 'longitude': '-72.505463'}",
299,12/02/2018 00:00,CORPONOR,Cinera,7.888924,-72.505463,54,NORTE DE SANTANDER,54001,CÚCUTA,Fija,24,PM2.5,ugm3,"{'latitude': '7.888924', 'longitude': '-72.505463'}",
300,11/02/2018 00:00,CORPONOR,Cinera,7.888924,-72.505463,54,NORTE DE SANTANDER,54001,CÚCUTA,Fija,24,PM2.5,ugm3,"{'latitude': '7.888924', 'longitude': '-72.505463'}",
301,10/02/2018 00:00,CORPONOR,Cinera,7.888924,-72.505463,54,NORTE DE SANTANDER,54001,CÚCUTA,Fija,24,PM2.5,ugm3,"{'latitude': '7.888924', 'longitude': '-72.505463'}",
302,09/02/2018 00:00,CORPONOR,Cinera,7.888924,-72.505463,54,NORTE DE SANTANDER,54001,CÚCUTA,Fija,24,PM2.5,ugm3,"{'latitude': '7.888924', 'longitude': '-72.505463'}",
303,08/02/2018 00:00,CORPONOR,Cinera,7.888924,-72.505463,54,NORTE DE SANTANDER,54001,CÚCUTA,Fija,24,PM2.5,ugm3,"{'latitude': '7.888924', 'longitude': '-72.505463'}",
304,07/02/2018 00:00,CORPONOR,Cinera,7.888924,-72.505463,54,NORTE DE SANTANDER,54001,CÚCUTA,Fija,24,PM2.5,ugm3,"{'latitude': '7.888924', 'longitude': '-72.505463'}",
305,06/02/2018 00:00,CORPONOR,Cinera,7.888924,-72.505463,54,NORTE DE SANTANDER,54001,CÚCUTA,Fija,24,PM2.5,ugm3,"{'latitude': '7.888924', 'longitude': '-72.505463'}",
306,05/02/2018 00:00,CORPONOR,Cinera,7.888924,-72.505463,54,NORTE DE SANTANDER,54001,CÚCUTA,Fija,24,PM2.5,ugm3,"{'latitude': '7.888924', 'longitude': '-72.505463'}",
307,04/02/2018 00:00,CORPONOR,Cinera,7.888924,-72.505463,54,NORTE DE SANTANDER,54001,CÚCUTA,Fija,24,PM2.5,ugm3,"{'latitude': '7.888924', 'longitude': '-72.505463'}",
308,03/02/2018 00:00,CORPONOR,Cinera,7.888924,-72.505463,54,NORTE DE SANTANDER,54001,CÚCUTA,Fija,24,PM2.5,ugm3,"{'latitude': '7.888924', 'longitude': '-72.505463'}",
309,02/02/2018 00:00,CORPONOR,Cinera,7.888924,-72.505463,54,NORTE DE SANTANDER,54001,CÚCUTA,Fija,24,PM2.5,ugm3,"{'latitude': '7.888924', 'longitude': '-72.505463'}",
310,01/02/2018 00:00,CORPONOR,Cinera,7.888924,-72.505463,54,NORTE DE SANTANDER,54001,CÚCUTA,Fija,24,PM2.5,ugm3,"{'latitude': '7.888924', 'longitude': '-72.505463'}",
311,31/01/2018 00:00,CORPONOR,Cinera,7.888924,-72.505463,54,NORTE DE SANTANDER,54001,CÚCUTA,Fija,24,PM2.5,ugm3,"{'latitude': '7.888924', 'longitude': '-72.505463'}",
312,30/01/2018 00:00,CORPONOR,Cinera,7.888924,-72.505463,54,NORTE DE SANTANDER,54001,CÚCUTA,Fija,24,PM2.5,ugm3,"{'latitude': '7.888924', 'longitude': '-72.505463'}",
313,29/01/2018 00:00,CORPONOR,Cinera,7.888924,-72.505463,54,NORTE DE SANTANDER,54001,CÚCUTA,Fija,24,PM2.5,ugm3,"{'latitude': '7.888924', 'longitude': '-72.505463'}",
314,28/01/2018 00:00,CORPONOR,Cinera,7.888924,-72.505463,54,NORTE DE SANTANDER,54001,CÚCUTA,Fija,24,PM2.5,ugm3,"{'latitude': '7.888924', 'longitude': '-72.505463'}",
315,27/01/2018 00:00,CORPONOR,Cinera,7.888924,-72.505463,54,NORTE DE SANTANDER,54001,CÚCUTA,Fija,24,PM2.5,ugm3,"{'latitude': '7.888924', 'longitude': '-72.505463'}",
316,26/01/2018 00:00,CORPONOR,Cinera,7.888924,-72.505463,54,NORTE DE SANTANDER,54001,CÚCUTA,Fija,24,PM2.5,ugm3,"{'latitude': '7.888924', 'longitude': '-72.505463'}",
317,25/01/2018 00:00,CORPONOR,Cinera,7.888924,-72.505463,54,NORTE DE SANTANDER,54001,CÚCUTA,Fija,24,PM2.5,ugm3,"{'latitude': '7.888924', 'longitude': '-72.505463'}",
318,24/01/2018 00:00,CORPONOR,Cinera,7.888924,-72.505463,54,NORTE DE SANTANDER,54001,CÚCUTA,Fija,24,PM2.5,ugm3,"{'latitude': '7.888924', 'longitude': '-72.505463'}",
319,23/01/2018 00:00,CORPONOR,Cinera,7.888924,-72.505463,54,NORTE DE SANTANDER,54001,CÚCUTA,Fija,24,PM2.5,ugm3,"{'latitude': '7.888924', 'longitude': '-72.505463'}",
320,22/01/2018 00:00,CORPONOR,Cinera,7.888924,-72.505463,54,NORTE DE SANTANDER,54001,CÚCUTA,Fija,24,PM2.5,ugm3,"{'latitude': '7.888924', 'longitude': '-72.505463'}",
321,21/01/2018 00:00,CORPONOR,Cinera,7.888924,-72.505463,54,NORTE DE SANTANDER,54001,CÚCUTA,Fija,24,PM2.5,ugm3,"{'latitude': '7.888924', 'longitude': '-72.505463'}",
322,20/01/2018 00:00,CORPONOR,Cinera,7.888924,-72.505463,54,NORTE DE SANTANDER,54001,CÚCUTA,Fija,24,PM2.5,ugm3,"{'latitude': '7.888924', 'longitude': '-72.505463'}",
323,19/01/2018 00:00,CORPONOR,Cinera,7.888924,-72.505463,54,NORTE DE SANTANDER,54001,CÚCUTA,Fija,24,PM2.5,ugm3,"{'latitude': '7.888924', 'longitude': '-72.505463'}",
324,18/01/2018 00:00,CORPONOR,Cinera,7.888924,-72.505463,54,NORTE DE SANTANDER,54001,CÚCUTA,Fija,24,PM2.5,ugm3,"{'latitude': '7.888924', 'longitude': '-72.505463'}",
325,17/01/2018 00:00,CORPONOR,Cinera,7.888924,-72.505463,54,NORTE DE SANTANDER,54001,CÚCUTA,Fija,24,PM2.5,ugm3,"{'latitude': '7.888924', 'longitude': '-72.505463'}",
326,16/01/2018 00:00,CORPONOR,Cinera,7.888924,-72.505463,54,NORTE DE SANTANDER,54001,CÚCUTA,Fija,24,PM2.5,ugm3,"{'latitude': '7.888924', 'longitude': '-72.505463'}",
327,15/01/2018 00:00,CORPONOR,Cinera,7.888924,-72.505463,54,NORTE DE SANTANDER,54001,CÚCUTA,Fija,24,PM2.5,ugm3,"{'latitude': '7.888924', 'longitude': '-72.505463'}",
328,14/01/2018 00:00,CORPONOR,Cinera,7.888924,-72.505463,54,NORTE DE SANTANDER,54001,CÚCUTA,Fija,24,PM2.5,ugm3,"{'latitude': '7.888924', 'longitude': '-72.505463'}",
329,13/01/2018 00:00,CORPONOR,Cinera,7.888924,-72.505463,54,NORTE DE SANTANDER,54001,CÚCUTA,Fija,24,PM2.5,ugm3,"{'latitude': '7.888924', 'longitude': '-72.505463'}",
330,12/01/2018 00:00,CORPONOR,Cinera,7.888924,-72.505463,54,NORTE DE SANTANDER,54001,CÚCUTA,Fija,24,PM2.5,ugm3,"{'latitude': '7.888924', 'longitude': '-72.505463'}",
331,11/01/2018 00:00,CORPONOR,Cinera,7.888924,-72.505463,54,NORTE DE SANTANDER,54001,CÚCUTA,Fija,24,PM2.5,ugm3,"{'latitude': '7.888924', 'longitude': '-72.505463'}",
332,10/01/2018 00:00,CORPONOR,Cinera,7.888924,-72.505463,54,NORTE DE SANTANDER,54001,CÚCUTA,Fija,24,PM2.5,ugm3,"{'latitude': '7.888924', 'longitude': '-72.505463'}",
333,09/01/2018 00:00,CORPONOR,Cinera,7.888924,-72.505463,54,NORTE DE SANTANDER,54001,CÚCUTA,Fija,24,PM2.5,ugm3,"{'latitude': '7.888924', 'longitude': '-72.505463'}",
334,08/01/2018 00:00,CORPONOR,Cinera,7.888924,-72.505463,54,NORTE DE SANTANDER,54001,CÚCUTA,Fija,24,PM2.5,ugm3,"{'latitude': '7.888924', 'longitude': '-72.505463'}",
335,07/01/2018 00:00,CORPONOR,Cinera,7.888924,-72.505463,54,NORTE DE SANTANDER,54001,CÚCUTA,Fija,24,PM2.5,ugm3,"{'latitude': '7.888924', 'longitude': '-72.505463'}",
336,06/01/2018 00:00,CORPONOR,Cinera,7.888924,-72.505463,54,NORTE DE SANTANDER,54001,CÚCUTA,Fija,24,PM2.5,ugm3,"{'latitude': '7.888924', 'longitude': '-72.505463'}",
337,05/01/2018 00:00,CORPONOR,Cinera,7.888924,-72.505463,54,NORTE DE SANTANDER,54001,CÚCUTA,Fija,24,PM2.5,ugm3,"{'latitude': '7.888924', 'longitude': '-72.505463'}",
338,04/01/2018 00:00,CORPONOR,Cinera,7.888924,-72.505463,54,NORTE DE SANTANDER,54001,CÚCUTA,Fija,24,PM2.5,ugm3,"{'latitude': '7.888924', 'longitude': '-72.505463'}",
339,03/01/2018 00:00,CORPONOR,Cinera,7.888924,-72.505463,54,NORTE DE SANTANDER,54001,CÚCUTA,Fija,24,PM2.5,ugm3,"{'latitude': '7.888924', 'longitude': '-72.505463'}",
340,02/01/2018 00:00,CORPONOR,Cinera,7.888924,-72.505463,54,NORTE DE SANTANDER,54001,CÚCUTA,Fija,24,PM2.5,ugm3,"{'latitude': '7.888924', 'longitude': '-72.505463'}",
341,01/01/2018 00:00,CORPONOR,Cinera,7.888924,-72.505463,54,NORTE DE SANTANDER,54001,CÚCUTA,Fija,24,PM2.5,ugm3,"{'latitude': '7.888924', 'longitude': '-72.505463'}",
342,10/04/2018 00:00,CORPONOR,Cinera,7.888924,-72.505463,54,NORTE DE SANTANDER,54001,CÚCUTA,Fija,24,PM2.5,ugm3,"{'latitude': '7.888924', 'longitude': '-72.505463'}",
343,09/04/2018 00:00,CORPONOR,Cinera,7.888924,-72.505463,54,NORTE DE SANTANDER,54001,CÚCUTA,Fija,24,PM2.5,ugm3,"{'latitude': '7.888924', 'longitude': '-72.505463'}",
344,08/04/2018 00:00,CORPONOR,Cinera,7.888924,-72.505463,54,NORTE DE SANTANDER,54001,CÚCUTA,Fija,24,PM2.5,ugm3,"{'latitude': '7.888924', 'longitude': '-72.505463'}",
345,07/04/2018 00:00,CORPONOR,Cinera,7.888924,-72.505463,54,NORTE DE SANTANDER,54001,CÚCUTA,Fija,24,PM2.5,ugm3,"{'latitude': '7.888924', 'longitude': '-72.505463'}",
346,06/04/2018 00:00,CORPONOR,Cinera,7.888924,-72.505463,54,NORTE DE SANTANDER,54001,CÚCUTA,Fija,24,PM2.5,ugm3,"{'latitude': '7.888924', 'longitude': '-72.505463'}",
347,05/04/2018 00:00,CORPONOR,Cinera,7.888924,-72.505463,54,NORTE DE SANTANDER,54001,CÚCUTA,Fija,24,PM2.5,ugm3,"{'latitude': '7.888924', 'longitude': '-72.505463'}",
348,04/04/2018 00:00,CORPONOR,Cinera,7.888924,-72.505463,54,NORTE DE SANTANDER,54001,CÚCUTA,Fija,24,PM2.5,ugm3,"{'latitude': '7.888924', 'longitude': '-72.505463'}",
349,03/04/2018 00:00,CORPONOR,Cinera,7.888924,-72.505463,54,NORTE DE SANTANDER,54001,CÚCUTA,Fija,24,PM2.5,ugm3,"{'latitude': '7.888924', 'longitude': '-72.505463'}",
350,02/04/2018 00:00,CORPONOR,Cinera,7.888924,-72.505463,54,NORTE DE SANTANDER,54001,CÚCUTA,Fija,24,PM2.5,ugm3,"{'latitude': '7.888924', 'longitude': '-72.505463'}",
351,01/04/2018 00:00,CORPONOR,Cinera,7.888924,-72.505463,54,NORTE DE SANTANDER,54001,CÚCUTA,Fija,24,PM2.5,ugm3,"{'latitude': '7.888924', 'longitude': '-72.505463'}",
352,31/03/2018 00:00,CORPONOR,Cinera,7.888924,-72.505463,54,NORTE DE SANTANDER,54001,CÚCUTA,Fija,24,PM2.5,ugm3,"{'latitude': '7.888924', 'longitude': '-72.505463'}",
353,30/03/2018 00:00,CORPONOR,Cinera,7.888924,-72.505463,54,NORTE DE SANTANDER,54001,CÚCUTA,Fija,24,PM2.5,ugm3,"{'latitude': '7.888924', 'longitude': '-72.505463'}",
354,29/03/2018 00:00,CORPONOR,Cinera,7.888924,-72.505463,54,NORTE DE SANTANDER,54001,CÚCUTA,Fija,24,PM2.5,ugm3,"{'latitude': '7.888924', 'longitude': '-72.505463'}",
355,28/03/2018 00:00,CORPONOR,Cinera,7.888924,-72.505463,54,NORTE DE SANTANDER,54001,CÚCUTA,Fija,24,PM2.5,ugm3,"{'latitude': '7.888924', 'longitude': '-72.505463'}",
356,27/03/2018 00:00,CORPONOR,Cinera,7.888924,-72.505463,54,NORTE DE SANTANDER,54001,CÚCUTA,Fija,24,PM2.5,ugm3,"{'latitude': '7.888924', 'longitude': '-72.505463'}",
357,26/03/2018 00:00,CORPONOR,Cinera,7.888924,-72.505463,54,NORTE DE SANTANDER,54001,CÚCUTA,Fija,24,PM2.5,ugm3,"{'latitude': '7.888924', 'longitude': '-72.505463'}",
358,25/03/2018 00:00,CORPONOR,Cinera,7.888924,-72.505463,54,NORTE DE SANTANDER,54001,CÚCUTA,Fija,24,PM2.5,ugm3,"{'latitude': '7.888924', 'longitude': '-72.505463'}",
359,24/03/2018 00:00,CORPONOR,Cinera,7.888924,-72.505463,54,NORTE DE SANTANDER,54001,CÚCUTA,Fija,24,PM2.5,ugm3,"{'latitude': '7.888924', 'longitude': '-72.505463'}",
360,23/03/2018 00:00,CORPONOR,Cinera,7.888924,-72.505463,54,NORTE DE SANTANDER,54001,CÚCUTA,Fija,24,PM2.5,ugm3,"{'latitude': '7.888924', 'longitude': '-72.505463'}",
361,22/03/2018 00:00,CORPONOR,Cinera,7.888924,-72.505463,54,NORTE DE SANTANDER,54001,CÚCUTA,Fija,24,PM2.5,ugm3,"{'latitude': '7.888924', 'longitude': '-72.505463'}",
362,21/03/2018 00:00,CORPONOR,Cinera,7.888924,-72.505463,54,NORTE DE SANTANDER,54001,CÚCUTA,Fija,24,PM2.5,ugm3,"{'latitude': '7.888924', 'longitude': '-72.505463'}",
363,20/03/2018 00:00,CORPONOR,Cinera,7.888924,-72.505463,54,NORTE DE SANTANDER,54001,CÚCUTA,Fija,24,PM2.5,ugm3,"{'latitude': '7.888924', 'longitude': '-72.505463'}",
364,19/03/2018 00:00,CORPONOR,Cinera,7.888924,-72.505463,54,NORTE DE SANTANDER,54001,CÚCUTA,Fija,24,PM2.5,ugm3,"{'latitude': '7.888924', 'longitude': '-72.505463'}",
